,Year,Team,Played,WinPercent,Total_Points_Scored,average_points_per_game,Home_win_pc,Away_win_pc
0,1997,Newcastle Falcons,22,86.364,645,29.318,100.0,72.727
1,1998,Newcastle Falcons,26,53.846,719,27.654,84.615,23.077
2,1999,Newcastle Falcons,20,40.0,346,17.3,40.0,40.0
3,2000,Newcastle Falcons,22,59.091,554,25.182,72.727,45.455
4,2001,Newcastle Falcons,22,50.0,490,22.273,63.636,36.364
5,2002,Newcastle Falcons,22,45.455,388,17.636,63.636,27.273
6,2003,Newcastle Falcons,20,35.0,442,22.1,50.0,20.0
7,2004,Newcastle Falcons,20,45.0,428,21.4,77.778,18.182
8,2005,Newcastle Falcons,21,47.619,400,19.048,63.636,30.0
9,2006,Newcastle Falcons,22,45.455,435,19.773,72.727,18.182
10,2007,Newcastle Falcons,22,45.455,333,15.136,72.727,18.182
11,2008,Newcastle Falcons,21,47.619,346,16.476,50.0,45.455
12,2009,Newcastle Falcons,19,36.842,274,14.421,37.5,36.364
13,2010,Newcastle Falcons,21,19.048,341,16.238,20.0,18.182
14,2011,Newcastle Falcons,21,57.143,335,15.952,70.0,45.455
15,2012,Newcastle Falcons,0,0.0,0,0.0,0.0,0.0
16,2013,Newcastle Falcons,22,40.909,281,12.773,36.364,45.455
17,2014,Newcastle Falcons,21,19.048,452,21.524,30.0,9.091
18,2015,Newcastle Falcons,21,33.333,342,16.286,54.545,10.0
19,2016,Newcastle Falcons,22,68.182,430,19.545,63.636,72.727
20,2017,Newcastle Falcons,23,73.913,460,20.0,72.727,75.0
21,2018,Newcastle Falcons,22,27.273,395,17.955,9.091,45.455
22,1997,Gloucester Rugby,21,52.381,488,23.238,81.818,20.0
23,1998,Gloucester Rugby,25,40.0,530,21.2,50.0,30.769
24,1999,Gloucester Rugby,22,54.545,628,28.545,72.727,36.364
25,2000,Gloucester Rugby,22,50.0,473,21.5,63.636,36.364
26,2001,Gloucester Rugby,22,59.091,692,31.455,72.727,45.455
27,2002,Gloucester Rugby,21,76.19,569,27.095,83.333,66.667
28,2003,Gloucester Rugby,22,45.455,491,22.318,63.636,27.273
29,2004,Gloucester Rugby,21,57.143,380,18.095,54.545,60.0
30,2005,Gloucester Rugby,21,28.571,468,22.286,54.545,0.0
31,2006,Gloucester Rugby,22,54.545,549,24.955,69.231,33.333
32,2007,Gloucester Rugby,23,65.217,576,25.043,75.0,54.545
33,2008,Gloucester Rugby,22,81.818,435,19.773,100.0,63.636
34,2009,Gloucester Rugby,21,42.857,457,21.762,60.0,27.273
35,2010,Gloucester Rugby,22,50.0,497,22.591,81.818,18.182
36,2011,Gloucester Rugby,21,38.095,441,21.0,36.364,40.0
37,2012,Gloucester Rugby,21,57.143,499,23.762,72.727,40.0
38,2013,Gloucester Rugby,22,40.909,440,20.0,45.455,36.364
39,2014,Gloucester Rugby,21,47.619,520,24.762,60.0,36.364
40,2015,Gloucester Rugby,21,42.857,390,18.571,36.364,50.0
41,2016,Gloucester Rugby,20,45.0,483,24.15,54.545,33.333
42,2017,Gloucester Rugby,21,42.857,465,22.143,70.0,18.182
43,2018,Gloucester Rugby,22,59.091,575,26.136,81.818,36.364
44,1997,Harlequins,22,36.364,516,23.455,45.455,27.273
45,1998,Harlequins,25,68.0,658,26.32,75.0,61.538
46,1999,Harlequins,22,40.909,441,20.045,54.545,27.273
47,2000,Harlequins,22,40.909,440,20.0,45.455,36.364
48,2001,Harlequins,20,35.0,403,20.15,36.364,33.333
49,2002,Harlequins,22,45.455,461,20.955,54.545,36.364
50,2003,Harlequins,20,60.0,460,23.0,81.818,33.333
51,2004,Harlequins,22,36.364,416,18.909,45.455,27.273
52,2005,Harlequins,0,0.0,0,0.0,0.0,0.0
53,2006,Harlequins,22,31.818,503,22.864,45.455,18.182
54,2007,Harlequins,22,40.909,480,21.818,63.636,18.182
55,2008,Harlequins,22,54.545,493,22.409,72.727,36.364
56,2009,Harlequins,21,57.143,403,19.19,81.818,30.0
57,2010,Harlequins,21,47.619,453,21.571,63.636,30.0
58,2011,Harlequins,24,66.667,581,24.208,61.538,72.727
59,2012,Harlequins,23,52.174,576,25.043,63.636,41.667
60,2013,Harlequins,23,60.87,454,19.739,63.636,58.333
61,2014,Harlequins,22,54.545,444,20.182,54.545,54.545
62,2015,Harlequins,21,47.619,508,24.19,60.0,36.364
63,2016,Harlequins,22,45.455,532,24.182,72.727,18.182
64,2017,Harlequins,22,36.364,479,21.773,54.545,18.182
65,2018,Harlequins,22,45.455,544,24.727,63.636,27.273
66,1997,Richmond,22,54.545,607,27.591,72.727,36.364
67,1998,Richmond,24,45.833,568,23.667,46.154,45.455
68,1999,Richmond,0,0.0,0,0.0,0.0,0.0
69,2000,Richmond,0,0.0,0,0.0,0.0,0.0
70,2001,Richmond,0,0.0,0,0.0,0.0,0.0
71,2002,Richmond,0,0.0,0,0.0,0.0,0.0
72,2003,Richmond,0,0.0,0,0.0,0.0,0.0
73,2004,Richmond,0,0.0,0,0.0,0.0,0.0
74,2005,Richmond,0,0.0,0,0.0,0.0,0.0
75,2006,Richmond,0,0.0,0,0.0,0.0,0.0
76,2007,Richmond,0,0.0,0,0.0,0.0,0.0
77,2008,Richmond,0,0.0,0,0.0,0.0,0.0
78,2009,Richmond,0,0.0,0,0.0,0.0,0.0
79,2010,Richmond,0,0.0,0,0.0,0.0,0.0
80,2011,Richmond,0,0.0,0,0.0,0.0,0.0
81,2012,Richmond,0,0.0,0,0.0,0.0,0.0
82,2013,Richmond,0,0.0,0,0.0,0.0,0.0
83,2014,Richmond,0,0.0,0,0.0,0.0,0.0
84,2015,Richmond,0,0.0,0,0.0,0.0,0.0
85,2016,Richmond,0,0.0,0,0.0,0.0,0.0
86,2017,Richmond,0,0.0,0,0.0,0.0,0.0
87,2018,Richmond,0,0.0,0,0.0,0.0,0.0
88,1997,Saracens,21,85.714,574,27.333,90.909,80.0
89,1998,Saracens,25,60.0,733,29.32,69.231,50.0
90,1999,Saracens,22,54.545,729,33.136,72.727,36.364
91,2000,Saracens,22,50.0,589,26.773,54.545,45.455
92,2001,Saracens,22,50.0,425,19.318,54.545,45.455
93,2002,Saracens,22,31.818,499,22.682,45.455,18.182
94,2003,Saracens,21,61.905,378,18.0,60.0,63.636
95,2004,Saracens,21,57.143,364,17.333,63.636,50.0
96,2005,Saracens,21,42.857,421,20.048,54.545,30.0
97,2006,Saracens,21,47.619,515,24.524,54.545,40.0
98,2007,Saracens,22,45.455,533,24.227,54.545,36.364
99,2008,Saracens,22,45.455,437,19.864,63.636,27.273
100,2009,Saracens,23,60.87,516,22.435,72.727,50.0
101,2010,Saracens,24,70.833,518,21.583,66.667,75.0
102,2011,Saracens,22,59.091,489,22.227,50.0,66.667
103,2012,Saracens,23,73.913,546,23.739,91.667,54.545
104,2013,Saracens,24,70.833,680,28.333,91.667,50.0
105,2014,Saracens,23,52.174,700,30.435,54.545,50.0
106,2015,Saracens,23,69.565,616,26.783,75.0,63.636
107,2016,Saracens,22,54.545,582,26.455,70.0,41.667
108,2017,Saracens,24,54.167,815,33.958,66.667,41.667
109,2018,Saracens,24,70.833,725,30.208,83.333,58.333
110,1997,Bath Rugby,22,59.091,575,26.136,72.727,45.455
111,1998,Bath Rugby,26,61.538,698,26.846,76.923,46.154
112,1999,Bath Rugby,20,80.0,634,31.7,90.0,70.0
113,2000,Bath Rugby,22,68.182,680,30.909,81.818,54.545
114,2001,Bath Rugby,22,40.909,311,14.136,36.364,45.455
115,2002,Bath Rugby,20,50.0,337,16.85,44.444,54.545
116,2003,Bath Rugby,23,73.913,514,22.348,75.0,72.727
117,2004,Bath Rugby,21,61.905,391,18.619,72.727,50.0
118,2005,Bath Rugby,21,52.381,429,20.429,70.0,36.364
119,2006,Bath Rugby,20,50.0,387,19.35,77.778,27.273
120,2007,Bath Rugby,23,60.87,536,23.304,81.818,41.667
121,2008,Bath Rugby,21,61.905,501,23.857,80.0,45.455
122,2009,Bath Rugby,21,61.905,424,20.19,50.0,72.727
123,2010,Bath Rugby,22,63.636,427,19.409,81.818,45.455
124,2011,Bath Rugby,22,54.545,365,16.591,54.545,54.545
125,2012,Bath Rugby,21,57.143,440,20.952,81.818,30.0
126,2013,Bath Rugby,20,45.0,449,22.45,60.0,30.0
127,2014,Bath Rugby,24,70.833,688,28.667,69.231,72.727
128,2015,Bath Rugby,22,45.455,435,19.773,54.545,36.364
129,2016,Bath Rugby,22,40.909,486,22.091,63.636,18.182
130,2017,Bath Rugby,22,59.091,572,26.0,45.455,72.727
131,2018,Bath Rugby,21,52.381,450,21.429,70.0,36.364
132,1997,Wasps,21,38.095,462,22.0,63.636,10.0
133,1998,Wasps,25,52.0,702,28.08,66.667,38.462
134,1999,Wasps,21,42.857,621,29.571,50.0,36.364
135,2000,Wasps,22,59.091,663,30.136,63.636,54.545
136,2001,Wasps,22,36.364,519,23.591,36.364,36.364
137,2002,Wasps,22,54.545,557,25.318,72.727,36.364
138,2003,Wasps,24,54.167,642,26.75,75.0,33.333
139,2004,Wasps,23,65.217,626,27.217,81.818,50.0
140,2005,Wasps,21,57.143,491,23.381,77.778,41.667
141,2006,Wasps,22,54.545,504,22.909,90.909,18.182
142,2007,Wasps,22,72.727,599,27.227,75.0,70.0
143,2008,Wasps,22,45.455,431,19.591,54.545,36.364
144,2009,Wasps,22,77.273,394,17.909,81.818,72.727
145,2010,Wasps,21,52.381,396,18.857,70.0,36.364
146,2011,Wasps,22,31.818,363,16.5,45.455,18.182
147,2012,Wasps,22,40.909,511,23.227,54.545,27.273
148,2013,Wasps,22,45.455,451,20.5,54.545,36.364
149,2014,Wasps,20,45.0,609,30.45,63.636,22.222
150,2015,Wasps,23,60.87,621,27.0,54.545,66.667
151,2016,Wasps,23,69.565,699,30.391,91.667,45.455
152,2017,Wasps,22,63.636,623,28.318,72.727,54.545
153,2018,Wasps,22,50.0,483,21.955,45.455,54.545
154,1997,Leicester Tigers,20,60.0,544,27.2,88.889,36.364
155,1998,Leicester Tigers,26,73.077,771,29.654,92.308,53.846
156,1999,Leicester Tigers,21,71.429,675,32.143,81.818,60.0
157,2000,Leicester Tigers,21,66.667,554,26.381,81.818,50.0
158,2001,Leicester Tigers,22,59.091,658,29.909,81.818,36.364
159,2002,Leicester Tigers,22,40.909,448,20.364,54.545,27.273
160,2003,Leicester Tigers,20,55.0,493,24.65,63.636,44.444
161,2004,Leicester Tigers,21,52.381,646,30.762,63.636,40.0
162,2005,Leicester Tigers,21,61.905,506,24.095,63.636,60.0
163,2006,Leicester Tigers,23,65.217,612,26.609,90.909,41.667
164,2007,Leicester Tigers,24,54.167,581,24.208,66.667,41.667
165,2008,Leicester Tigers,23,56.522,590,25.652,69.231,40.0
166,2009,Leicester Tigers,23,47.826,569,24.739,53.846,40.0
167,2010,Leicester Tigers,23,56.522,582,25.304,66.667,45.455
168,2011,Leicester Tigers,23,60.87,670,29.13,54.545,66.667
169,2012,Leicester Tigers,24,54.167,608,25.333,84.615,18.182
170,2013,Leicester Tigers,21,57.143,516,24.571,66.667,50.0
171,2014,Leicester Tigers,22,54.545,442,20.091,70.0,41.667
172,2015,Leicester Tigers,23,73.913,526,22.87,100.0,50.0
173,2016,Leicester Tigers,23,47.826,587,25.522,45.455,50.0
174,2017,Leicester Tigers,22,59.091,537,24.409,54.545,63.636
175,2018,Leicester Tigers,22,40.909,478,21.727,45.455,36.364
176,1997,Sale Sharks,20,50.0,553,27.65,55.556,45.455
177,1998,Sale Sharks,25,40.0,571,22.84,53.846,25.0
178,1999,Sale Sharks,22,50.0,381,17.318,36.364,63.636
179,2000,Sale Sharks,21,42.857,544,25.905,60.0,27.273
180,2001,Sale Sharks,21,66.667,570,27.143,80.0,54.545
181,2002,Sale Sharks,20,65.0,497,24.85,90.0,40.0
182,2003,Sale Sharks,20,45.0,446,22.3,55.556,36.364
183,2004,Sale Sharks,23,47.826,535,23.261,72.727,25.0
184,2005,Sale Sharks,23,73.913,613,26.652,91.667,54.545
185,2006,Sale Sharks,21,57.143,396,18.857,72.727,40.0
186,2007,Sale Sharks,22,54.545,481,21.864,63.636,45.455
187,2008,Sale Sharks,22,45.455,447,20.318,54.545,36.364
188,2009,Sale Sharks,21,33.333,317,15.095,45.455,20.0
189,2010,Sale Sharks,21,33.333,413,19.667,54.545,10.0
190,2011,Sale Sharks,22,45.455,453,20.591,63.636,27.273
191,2012,Sale Sharks,21,42.857,344,16.381,45.455,40.0
192,2013,Sale Sharks,22,45.455,432,19.636,36.364,54.545
193,2014,Sale Sharks,22,40.909,497,22.591,36.364,45.455
194,2015,Sale Sharks,20,45.0,405,20.25,77.778,18.182
195,2016,Sale Sharks,21,47.619,437,20.81,63.636,30.0
196,2017,Sale Sharks,22,40.909,556,25.273,63.636,18.182
197,2018,Sale Sharks,21,42.857,442,21.048,63.636,20.0
198,1997,Northampton Saints,21,42.857,478,22.762,54.545,30.0
199,1998,Northampton Saints,26,65.385,754,29.0,69.231,61.538
200,1999,Northampton Saints,22,54.545,551,25.045,54.545,54.545
201,2000,Northampton Saints,22,59.091,518,23.545,81.818,36.364
202,2001,Northampton Saints,21,61.905,493,23.476,60.0,63.636
203,2002,Northampton Saints,23,56.522,522,22.696,54.545,58.333
204,2003,Northampton Saints,22,63.636,557,25.318,63.636,63.636
205,2004,Northampton Saints,22,50.0,410,18.636,63.636,36.364
206,2005,Northampton Saints,21,52.381,445,21.19,63.636,40.0
207,2006,Northampton Saints,21,52.381,324,15.429,70.0,36.364
208,2007,Northampton Saints,0,0.0,0,0.0,0.0,0.0
209,2008,Northampton Saints,21,42.857,415,19.762,70.0,18.182
210,2009,Northampton Saints,23,43.478,491,21.348,66.667,18.182
211,2010,Northampton Saints,23,69.565,536,23.304,63.636,75.0
212,2011,Northampton Saints,23,47.826,562,24.435,54.545,41.667
213,2012,Northampton Saints,24,66.667,545,22.708,72.727,61.538
214,2013,Northampton Saints,22,77.273,611,27.773,84.615,66.667
215,2014,Northampton Saints,22,68.182,612,27.818,66.667,70.0
216,2015,Northampton Saints,22,54.545,455,20.682,63.636,45.455
217,2016,Northampton Saints,22,45.455,476,21.636,45.455,45.455
218,2017,Northampton Saints,22,36.364,509,23.136,45.455,27.273
219,2018,Northampton Saints,23,43.478,602,26.174,54.545,33.333
220,1997,Bristol Bears,22,9.091,351,15.955,9.091,9.091
221,1998,Bristol Bears,0,0.0,0,0.0,0.0,0.0
222,1999,Bristol Bears,21,57.143,601,28.619,70.0,45.455
223,2000,Bristol Bears,21,33.333,417,19.857,36.364,30.0
224,2001,Bristol Bears,21,52.381,572,27.238,60.0,45.455
225,2002,Bristol Bears,21,33.333,472,22.476,40.0,27.273
226,2003,Bristol Bears,0,0.0,0,0.0,0.0,0.0
227,2004,Bristol Bears,0,0.0,0,0.0,0.0,0.0
228,2005,Bristol Bears,22,36.364,393,17.864,36.364,36.364
229,2006,Bristol Bears,22,59.091,399,18.136,80.0,41.667
230,2007,Bristol Bears,21,42.857,370,17.619,50.0,36.364
231,2008,Bristol Bears,21,33.333,279,13.286,36.364,30.0
232,2009,Bristol Bears,0,0.0,0,0.0,0.0,0.0
233,2010,Bristol Bears,0,0.0,0,0.0,0.0,0.0
234,2011,Bristol Bears,0,0.0,0,0.0,0.0,0.0
235,2012,Bristol Bears,0,0.0,0,0.0,0.0,0.0
236,2013,Bristol Bears,0,0.0,0,0.0,0.0,0.0
237,2014,Bristol Bears,0,0.0,0,0.0,0.0,0.0
238,2015,Bristol Bears,0,0.0,0,0.0,0.0,0.0
239,2016,Bristol Bears,22,31.818,382,17.364,36.364,27.273
240,2017,Bristol Bears,0,0.0,0,0.0,0.0,0.0
241,2018,Bristol Bears,21,52.381,483,23.0,60.0,45.455
242,1997,London Irish,22,27.273,457,20.773,36.364,18.182
243,1998,London Irish,26,53.846,703,27.038,61.538,46.154
244,1999,London Irish,21,28.571,588,28.0,27.273,30.0
245,2000,London Irish,21,57.143,450,21.429,90.0,27.273
246,2001,London Irish,19,57.895,518,27.263,70.0,44.444
247,2002,London Irish,21,38.095,400,19.048,36.364,40.0
248,2003,London Irish,21,47.619,412,19.619,50.0,45.455
249,2004,London Irish,22,50.0,378,17.182,36.364,63.636
250,2005,London Irish,23,69.565,501,21.783,54.545,83.333
251,2006,London Irish,22,50.0,398,18.091,54.545,45.455
252,2007,London Irish,22,40.909,433,19.682,63.636,18.182
253,2008,London Irish,23,52.174,557,24.217,63.636,41.667
254,2009,London Irish,20,40.0,441,22.05,70.0,10.0
255,2010,London Irish,22,50.0,523,23.773,63.636,36.364
256,2011,London Irish,21,42.857,490,23.333,54.545,30.0
257,2012,London Irish,21,47.619,426,20.286,60.0,36.364
258,2013,London Irish,22,36.364,396,18.0,27.273,45.455
259,2014,London Irish,21,52.381,402,19.143,50.0,54.545
260,2015,London Irish,22,36.364,328,14.909,36.364,36.364
261,2016,London Irish,0,0.0,0,0.0,0.0,0.0
262,2017,London Irish,22,27.273,385,17.5,27.273,27.273
263,2018,London Irish,0,0.0,0,0.0,0.0,0.0
285,2018,Draw,4,0.0,0,0.0,0.0,0.0
286,1997,London Scottish,0,0.0,0,0.0,0.0,0.0
287,1998,London Scottish,26,26.923,491,18.885,53.846,0.0
288,1999,London Scottish,0,0.0,0,0.0,0.0,0.0
289,2000,London Scottish,0,0.0,0,0.0,0.0,0.0
290,2001,London Scottish,0,0.0,0,0.0,0.0,0.0
291,2002,London Scottish,0,0.0,0,0.0,0.0,0.0
292,2003,London Scottish,0,0.0,0,0.0,0.0,0.0
293,2004,London Scottish,0,0.0,0,0.0,0.0,0.0
294,2005,London Scottish,0,0.0,0,0.0,0.0,0.0
295,2006,London Scottish,0,0.0,0,0.0,0.0,0.0
296,2007,London Scottish,0,0.0,0,0.0,0.0,0.0
297,2008,London Scottish,0,0.0,0,0.0,0.0,0.0
298,2009,London Scottish,0,0.0,0,0.0,0.0,0.0
299,2010,London Scottish,0,0.0,0,0.0,0.0,0.0
300,2011,London Scottish,0,0.0,0,0.0,0.0,0.0
301,2012,London Scottish,0,0.0,0,0.0,0.0,0.0
302,2013,London Scottish,0,0.0,0,0.0,0.0,0.0
303,2014,London Scottish,0,0.0,0,0.0,0.0,0.0
304,2015,London Scottish,0,0.0,0,0.0,0.0,0.0
305,2016,London Scottish,0,0.0,0,0.0,0.0,0.0
306,2017,London Scottish,0,0.0,0,0.0,0.0,0.0
307,2018,London Scottish,0,0.0,0,0.0,0.0,0.0
308,1997,Bedford Blues,0,0.0,0,0.0,0.0,0.0
309,1998,Bedford Blues,26,26.923,541,20.808,46.154,7.692
310,1999,Bedford Blues,22,27.273,396,18.0,36.364,18.182
311,2000,Bedford Blues,0,0.0,0,0.0,0.0,0.0
312,2001,Bedford Blues,0,0.0,0,0.0,0.0,0.0
313,2002,Bedford Blues,0,0.0,0,0.0,0.0,0.0
314,2003,Bedford Blues,0,0.0,0,0.0,0.0,0.0
315,2004,Bedford Blues,0,0.0,0,0.0,0.0,0.0
316,2005,Bedford Blues,0,0.0,0,0.0,0.0,0.0
317,2006,Bedford Blues,0,0.0,0,0.0,0.0,0.0
318,2007,Bedford Blues,0,0.0,0,0.0,0.0,0.0
319,2008,Bedford Blues,0,0.0,0,0.0,0.0,0.0
320,2009,Bedford Blues,0,0.0,0,0.0,0.0,0.0
321,2010,Bedford Blues,0,0.0,0,0.0,0.0,0.0
322,2011,Bedford Blues,0,0.0,0,0.0,0.0,0.0
323,2012,Bedford Blues,0,0.0,0,0.0,0.0,0.0
324,2013,Bedford Blues,0,0.0,0,0.0,0.0,0.0
325,2014,Bedford Blues,0,0.0,0,0.0,0.0,0.0
326,2015,Bedford Blues,0,0.0,0,0.0,0.0,0.0
327,2016,Bedford Blues,0,0.0,0,0.0,0.0,0.0
328,2017,Bedford Blues,0,0.0,0,0.0,0.0,0.0
329,2018,Bedford Blues,0,0.0,0,0.0,0.0,0.0
330,1997,West Hartlepool,0,0.0,0,0.0,0.0,0.0
331,1998,West Hartlepool,25,32.0,468,18.72,50.0,15.385
332,1999,West Hartlepool,0,0.0,0,0.0,0.0,0.0
333,2000,West Hartlepool,0,0.0,0,0.0,0.0,0.0
334,2001,West Hartlepool,0,0.0,0,0.0,0.0,0.0
335,2002,West Hartlepool,0,0.0,0,0.0,0.0,0.0
336,2003,West Hartlepool,0,0.0,0,0.0,0.0,0.0
337,2004,West Hartlepool,0,0.0,0,0.0,0.0,0.0
338,2005,West Hartlepool,0,0.0,0,0.0,0.0,0.0
339,2006,West Hartlepool,0,0.0,0,0.0,0.0,0.0
340,2007,West Hartlepool,0,0.0,0,0.0,0.0,0.0
341,2008,West Hartlepool,0,0.0,0,0.0,0.0,0.0
342,2009,West Hartlepool,0,0.0,0,0.0,0.0,0.0
343,2010,West Hartlepool,0,0.0,0,0.0,0.0,0.0
344,2011,West Hartlepool,0,0.0,0,0.0,0.0,0.0
345,2012,West Hartlepool,0,0.0,0,0.0,0.0,0.0
346,2013,West Hartlepool,0,0.0,0,0.0,0.0,0.0
347,2014,West Hartlepool,0,0.0,0,0.0,0.0,0.0
348,2015,West Hartlepool,0,0.0,0,0.0,0.0,0.0
349,2016,West Hartlepool,0,0.0,0,0.0,0.0,0.0
350,2017,West Hartlepool,0,0.0,0,0.0,0.0,0.0
351,2018,West Hartlepool,0,0.0,0,0.0,0.0,0.0
352,1997,Rotherham Titans,0,0.0,0,0.0,0.0,0.0
353,1998,Rotherham Titans,0,0.0,0,0.0,0.0,0.0
354,1999,Rotherham Titans,0,0.0,0,0.0,0.0,0.0
355,2000,Rotherham Titans,22,13.636,335,15.227,18.182,9.091
356,2001,Rotherham Titans,0,0.0,0,0.0,0.0,0.0
357,2002,Rotherham Titans,0,0.0,0,0.0,0.0,0.0
358,2003,Rotherham Titans,22,13.636,309,14.045,0.0,27.273
359,2004,Rotherham Titans,0,0.0,0,0.0,0.0,0.0
360,2005,Rotherham Titans,0,0.0,0,0.0,0.0,0.0
361,2006,Rotherham Titans,0,0.0,0,0.0,0.0,0.0
362,2007,Rotherham Titans,0,0.0,0,0.0,0.0,0.0
363,2008,Rotherham Titans,0,0.0,0,0.0,0.0,0.0
364,2009,Rotherham Titans,0,0.0,0,0.0,0.0,0.0
365,2010,Rotherham Titans,0,0.0,0,0.0,0.0,0.0
366,2011,Rotherham Titans,0,0.0,0,0.0,0.0,0.0
367,2012,Rotherham Titans,0,0.0,0,0.0,0.0,0.0
368,2013,Rotherham Titans,0,0.0,0,0.0,0.0,0.0
369,2014,Rotherham Titans,0,0.0,0,0.0,0.0,0.0
370,2015,Rotherham Titans,0,0.0,0,0.0,0.0,0.0
371,2016,Rotherham Titans,0,0.0,0,0.0,0.0,0.0
372,2017,Rotherham Titans,0,0.0,0,0.0,0.0,0.0
373,2018,Rotherham Titans,0,0.0,0,0.0,0.0,0.0
374,1997,Leeds Tykes,0,0.0,0,0.0,0.0,0.0
375,1998,Leeds Tykes,0,0.0,0,0.0,0.0,0.0
376,1999,Leeds Tykes,0,0.0,0,0.0,0.0,0.0
377,2000,Leeds Tykes,0,0.0,0,0.0,0.0,0.0
378,2001,Leeds Tykes,22,31.818,406,18.455,45.455,18.182
379,2002,Leeds Tykes,20,65.0,422,21.1,70.0,60.0
380,2003,Leeds Tykes,21,42.857,419,19.952,60.0,27.273
381,2004,Leeds Tykes,22,45.455,380,17.273,54.545,36.364
382,2005,Leeds Tykes,22,36.364,363,16.5,45.455,27.273
383,2006,Leeds Tykes,0,0.0,0,0.0,0.0,0.0
384,2007,Leeds Tykes,21,33.333,326,15.524,45.455,20.0
385,2008,Leeds Tykes,0,0.0,0,0.0,0.0,0.0
386,2009,Leeds Tykes,22,59.091,283,12.864,63.636,54.545
387,2010,Leeds Tykes,22,50.0,315,14.318,72.727,27.273
388,2011,Leeds Tykes,0,0.0,0,0.0,0.0,0.0
389,2012,Leeds Tykes,0,0.0,0,0.0,0.0,0.0
390,2013,Leeds Tykes,0,0.0,0,0.0,0.0,0.0
391,2014,Leeds Tykes,0,0.0,0,0.0,0.0,0.0
392,2015,Leeds Tykes,0,0.0,0,0.0,0.0,0.0
393,2016,Leeds Tykes,0,0.0,0,0.0,0.0,0.0
394,2017,Leeds Tykes,0,0.0,0,0.0,0.0,0.0
395,2018,Leeds Tykes,0,0.0,0,0.0,0.0,0.0
396,1997,Worcester Warriors,0,0.0,0,0.0,0.0,0.0
397,1998,Worcester Warriors,0,0.0,0,0.0,0.0,0.0
398,1999,Worcester Warriors,0,0.0,0,0.0,0.0,0.0
399,2000,Worcester Warriors,0,0.0,0,0.0,0.0,0.0
400,2001,Worcester Warriors,0,0.0,0,0.0,0.0,0.0
401,2002,Worcester Warriors,0,0.0,0,0.0,0.0,0.0
402,2003,Worcester Warriors,0,0.0,0,0.0,0.0,0.0
403,2004,Worcester Warriors,22,31.818,365,16.591,45.455,18.182
404,2005,Worcester Warriors,21,38.095,436,20.762,50.0,27.273
405,2006,Worcester Warriors,22,31.818,346,15.727,36.364,27.273
406,2007,Worcester Warriors,20,40.0,353,17.65,44.444,36.364
407,2008,Worcester Warriors,20,30.0,312,15.6,30.0,30.0
408,2009,Worcester Warriors,18,33.333,259,14.389,33.333,33.333
409,2010,Worcester Warriors,0,0.0,0,0.0,0.0,0.0
410,2011,Worcester Warriors,21,28.571,306,14.571,27.273,30.0
411,2012,Worcester Warriors,21,33.333,406,19.333,30.0,36.364
412,2013,Worcester Warriors,22,31.818,325,14.773,27.273,36.364
413,2014,Worcester Warriors,0,0.0,0,0.0,0.0,0.0
414,2015,Worcester Warriors,22,27.273,420,19.091,36.364,18.182
415,2016,Worcester Warriors,20,25.0,409,20.45,44.444,9.091
416,2017,Worcester Warriors,22,40.909,432,19.636,54.545,27.273
417,2018,Worcester Warriors,22,45.455,491,22.318,63.636,27.273
418,1997,Exeter Chiefs,0,0.0,0,0.0,0.0,0.0
419,1998,Exeter Chiefs,0,0.0,0,0.0,0.0,0.0
420,1999,Exeter Chiefs,0,0.0,0,0.0,0.0,0.0
421,2000,Exeter Chiefs,0,0.0,0,0.0,0.0,0.0
422,2001,Exeter Chiefs,0,0.0,0,0.0,0.0,0.0
423,2002,Exeter Chiefs,0,0.0,0,0.0,0.0,0.0
424,2003,Exeter Chiefs,0,0.0,0,0.0,0.0,0.0
425,2004,Exeter Chiefs,0,0.0,0,0.0,0.0,0.0
426,2005,Exeter Chiefs,0,0.0,0,0.0,0.0,0.0
427,2006,Exeter Chiefs,0,0.0,0,0.0,0.0,0.0
428,2007,Exeter Chiefs,0,0.0,0,0.0,0.0,0.0
429,2008,Exeter Chiefs,0,0.0,0,0.0,0.0,0.0
430,2009,Exeter Chiefs,0,0.0,0,0.0,0.0,0.0
431,2010,Exeter Chiefs,22,31.818,428,19.455,45.455,18.182
432,2011,Exeter Chiefs,22,63.636,436,19.818,63.636,63.636
433,2012,Exeter Chiefs,21,52.381,530,25.238,60.0,45.455
434,2013,Exeter Chiefs,22,45.455,426,19.364,36.364,54.545
435,2014,Exeter Chiefs,22,54.545,663,30.136,72.727,36.364
436,2015,Exeter Chiefs,24,58.333,639,26.625,69.231,45.455
437,2016,Exeter Chiefs,21,76.19,633,30.143,81.818,70.0
438,2017,Exeter Chiefs,24,62.5,664,27.667,69.231,54.545
439,2018,Exeter Chiefs,24,66.667,706,29.417,61.538,72.727
440,1997,London Welsh,0,0.0,0,0.0,0.0,0.0
441,1998,London Welsh,0,0.0,0,0.0,0.0,0.0
442,1999,London Welsh,0,0.0,0,0.0,0.0,0.0
443,2000,London Welsh,0,0.0,0,0.0,0.0,0.0
444,2001,London Welsh,0,0.0,0,0.0,0.0,0.0
445,2002,London Welsh,0,0.0,0,0.0,0.0,0.0
446,2003,London Welsh,0,0.0,0,0.0,0.0,0.0
447,2004,London Welsh,0,0.0,0,0.0,0.0,0.0
448,2005,London Welsh,0,0.0,0,0.0,0.0,0.0
449,2006,London Welsh,0,0.0,0,0.0,0.0,0.0
450,2007,London Welsh,0,0.0,0,0.0,0.0,0.0
451,2008,London Welsh,0,0.0,0,0.0,0.0,0.0
452,2009,London Welsh,0,0.0,0,0.0,0.0,0.0
453,2010,London Welsh,0,0.0,0,0.0,0.0,0.0
454,2011,London Welsh,0,0.0,0,0.0,0.0,0.0
455,2012,London Welsh,22,18.182,412,18.727,18.182,18.182
456,2013,London Welsh,0,0.0,0,0.0,0.0,0.0
457,2014,London Welsh,22,36.364,223,10.136,27.273,45.455
458,2015,London Welsh,0,0.0,0,0.0,0.0,0.0
459,2016,London Welsh,0,0.0,0,0.0,0.0,0.0
460,2017,London Welsh,0,0.0,0,0.0,0.0,0.0
461,2018,London Welsh,0,0.0,0,0.0,0.0,0.0
